Item,Effect,Location
Antidote,A spray-type medicine. It lifts the effect of poison from one Pokémon.,"Johto: Route 30 , Goldenrod City (With Dowsing MCHN) (Dept. Store Basement) , Ilex Forest , Ilex Forest (With Dowsing MCHN) , Burnt Tower , Burnt Tower (With Dowsing MCHN) Shop : Johto : Cherrygrove City , Violet City , Azalea Town , Goldenrod City , Ecruteak City , Olivine City , Blackthorn City , Mahogany Town , Frontier Front Kanto : Viridian City , Pewter City , Cerulean City , Vermillion City , Lavender Town , Celadon City , Saffron City , Fuchsia City Pokéwalker : Rugged Road (500+ Steps) , Rally (100+ Steps)"
Awakening,A spray-type medicine. It awakens a Pokémon from the clutches of sleep.,"Johto: Route 36 (With Dowsing MCHN) , Union Cave Shop : Johto : Cherrygrove City , Violet City , Azalea Town , Goldenrod City , Ecruteak City , Olivine City , Blackthorn City , Frontier Front Kanto : Viridian City , Pewter City , Cerulean City , Vermillion City , Lavender Town , Celadon City , Saffron City , Fuchsia City Pokéwalker : Refreshing Field (700+ Steps)"
Berry Juice,A 100% pure juice made of Berries. It restores the HP of one Pokémon by just 20 points.,Held by Shuckle from Cianwood City
Burn Heal,A spray-type medicine. It heals a single Pokémon that is suffering from a burn.,"Johto: Goldenrod City (Dept. Store Basement) Shop : Johto : Cherrygrove City , Violet City , Azalea Town , Goldenrod City , Ecruteak City , Olivine City , Blackthorn City , Frontier Front Kanto : Viridian City , Pewter City , Cerulean City , Vermillion City , Lavender Town , Celadon City , Saffron City , Fuchsia City Pokéwalker : Refreshing Field (1000+ Steps) , Rugged Road (800+ Steps)"
Elixir,It restores the PP of all the moves learned by the targeted Pokémon by 10 points each.,"Johto: Route 44 (With Dowsing MCHN) , Route 45 , Union Cave , Mt. Mortar , Mt. Mortar , Dark Cave (With Dowsing MCHN) Kanto: Route 2 , Route 9 (With Dowsing MCHN) , Route 12 (With Dowsing MCHN) , Rock Tunnel Pokéwalker : Dim Cave (3500+ Steps) , Quiet Cave (0+ Steps) , Rally (800+ Steps)"
Energy Root,A very bitter root. It restores the HP of one Pokémon by 200 points.,"Johto: Ruins of Alph (Bottom Right Ruins) Shop : Johto : Goldenrod Underground Pokéwalker : Noisy Forest (900+ Steps) , Treehouse (100+ Steps) , Sightseeing (3500+ Steps)"
EnergyPowder,A very bitter medicine powder. It restores the HP of one Pokémon by 50 points.,"Johto: Ruins of Alph (Right Ruins) Shop : Johto : Goldenrod Underground Pokéwalker : Treehouse (0+ Steps) , Sightseeing (3000+ Steps)"
Ether,It restores the PP of a Pokémon's selected move by a maximum of 10 points.,"Johto: Goldenrod City (Dept. Store Basement) , Ecruteak City (With Dowsing MCHN) , Ilex Forest , Ilex Forest (With Dowsing MCHN) , Mt. Mortar , Burnt Tower (With Dowsing MCHN) , Shining Lighthouse Pokéwalker : Noisy Forest (1000+ Steps) , Dim Cave (700+ Steps) , Treehouse (2000+ Steps)"
Fresh Water,Water with a high mineral content. It restores the HP of one Pokémon by 50 points.,"Shop : Johto : Goldenrod City , Pokeathlon Dome Kanto : Celadon City , Mt. Moon Pokéwalker : Beautiful Beach (0+ Steps) , Blue Lake (0+ Steps) , Warm Beach (0+ Steps) , Stormy Beach (0+ Steps) , Resort (0+ Steps) , Sightseeing (2200+ Steps) , Amity Meadow (0+ Steps)"
Full Heal,A spray-type medicine. It heals all the status problems of a single Pokémon.,"Johto: Route 45 , Azalea Town , Olivine City (With Dowsing MCHN) , Slowpoke Well , Ilex Forest (With Dowsing MCHN) , National Park (With Dowsing MCHN) , Mt. Mortar (With Dowsing MCHN) , Tin Tower , Tin Tower , Dark Cave , Lake of Rage (Low Tide) , Ice Path , Rocket Hideout (With Dowsing MCHN) , Rocket Hideout , Goldenrod Underground Kanto: Vermillion City (With Dowsing MCHN) , Cerulean Cave (With Dowsing MCHN) , Victory Road Shop : Johto : Cherrygrove City , Violet City , Azalea Town , Goldenrod City , Ecruteak City , Olivine City , Cianwood City , Blackthorn City , Frontier Front Kanto : Viridian City , Pewter City , Cerulean City , Vermillion City , Lavender Town , Celadon City , Saffron City , Fuchsia City , Indigo Plateau Pokéwalker : Refreshing Field (2000+ Steps) , Rugged Road (1500+ Steps) , Beautiful Beach (1500+ Steps) , Sinnoh Field (1000+ Steps) , Icy Mountain Rd. (100+ Steps)"
Full Restore,A medicine that fully restores the HP and heals any status problems of a single Pokémon.,"Johto: Radio Tower (Earn 3 Points at Buena's Password) , Mt. Mortar (With Dowsing MCHN) , Mt. Mortar , Tin Tower (With Dowsing MCHN) , Tin Tower , Whirl Islands , Whirl Islands , Whirl Islands (With Dowsing MCHN) , Mt. Silver (With Dowsing MCHN) , Mt. Silver , Lake of Rage (Low Tide) Kanto: Route 5 , Route 9 , Viridian Forest (With Dowsing MCHN) , Cerulean Cave , Victory Road Shop : Johto : Cherrygrove City , Violet City , Azalea Town , Goldenrod City , Ecruteak City , Olivine City , Blackthorn City , Pokeathlon Dome , Frontier Front Kanto : Viridian City , Pewter City , Cerulean City , Vermillion City , Lavender Town , Celadon City , Saffron City , Fuchsia City , Indigo Plateau Pokéwalker : Sinnoh Field (4000+ Steps)"
Heal Powder,A very bitter medicine powder. It heals all the status problems of a single Pokémon.,"Johto: Ruins of Alph (Right Ruins) , Ruins of Alph (Bottom Right Ruins) Shop : Johto : Goldenrod Underground Pokéwalker : Treehouse (500+ Steps)"
Hyper Potion,A spray-type medicine for wounds. It restores the HP of one Pokémon by 200 points.,"Johto: Route 36 , Route 40 , New Bark Town (Mom's Savings) , Violet City (With Dowsing MCHN) , Ecruteak City (With Dowsing MCHN) , Union Cave , Mt. Mortar (With Dowsing MCHN) , Mt. Mortar (With Dowsing MCHN) , Mt. Mortar , Dark Cave , Mt. Silver (With Dowsing MCHN) , Mt. Silver (With Dowsing MCHN) , Rocket Hideout , Shining Lighthouse (With Dowsing MCHN) Kanto: Route 3 (With Dowsing MCHN) , Cerulean Cave (With Dowsing MCHN) Shop : Johto : Cherrygrove City , Violet City , Azalea Town , Goldenrod City , Ecruteak City , Olivine City , Cianwood City , Blackthorn City , Mahogany Town , Frontier Front Kanto : Viridian City , Pewter City , Cerulean City , Vermillion City , Lavender Town , Celadon City , Saffron City , Fuchsia City Pokéwalker : Dim Cave (1000+ Steps) , Sinnoh Field (1500+ Steps)"
Ice Heal,A spray-type medicine. It defrosts a Pokémon that has been frozen solid.,"Johto: Ice Path (With Dowsing MCHN) Kanto: Seafoam Islands , Seafoam Islands (With Dowsing MCHN) Shop : Johto : Cherrygrove City , Violet City , Azalea Town , Goldenrod City , Ecruteak City , Olivine City , Blackthorn City , Frontier Front Kanto : Viridian City , Pewter City , Cerulean City , Vermillion City , Lavender Town , Celadon City , Saffron City , Fuchsia City Pokéwalker : Refreshing Field (900+ Steps) , Volcano Path (100+ Steps)"
Lava Cookie,Lavaridge Town's local specialty. It heals all the status problems of one Pokémon.,"Pokéwalker: Volcano Path (3000+ Steps) , Sightseeing (1000+ Steps)"
Lemonade,A very sweet drink. It restores the HP of one Pokémon by 80 points.,"Shop : Johto : Goldenrod City , Pokeathlon Dome Kanto : Celadon City , Mt. Moon Pokéwalker : Resort (500+ Steps) , Sightseeing (1400+ Steps) , Amity Meadow (600+ Steps)"
Max Elixir,It fully restores the PP of all the moves learned by the targeted Pokémon.,"Johto: Mt. Silver Kanto: Route 17 (With Dowsing MCHN) , Cerulean Cave Pokéwalker : Treehouse (4000+ Steps) , Quiet Cave (4500+ Steps)"
Max Ether,It fully restores the PP of a single selected move that has been learned by the target Pokémon.,"Johto: Route 41 (With Dowsing MCHN) , Route 43 , Violet City , Cianwood City , Ruins of Alph , Mt. Mortar , Dark Cave , Mt. Silver (With Dowsing MCHN) , Goldenrod Underground , The Cliff Cave Kanto: Route 17 , Route 19 , Vermillion City , Viridian Forest (With Dowsing MCHN) , Rock Tunnel , Victory Road Pokéwalker : Dim Cave (1500+ Steps) , Treehouse (3000+ Steps)"
Max Potion,A spray-type medicine for wounds. It completely restores the HP of a single Pokémon.,"Johto: Route 38 , Route 45 , Mt. Mortar , Mt. Mortar , Tin Tower (With Dowsing MCHN) , Tin Tower , Mt. Silver (With Dowsing MCHN) , Dragon's Den (With Dowsing MCHN) , Ice Path (With Dowsing MCHN) , Ice Path , Goldenrod Underground (With Dowsing MCHN) Kanto: Route 9 , Rock Tunnel (With Dowsing MCHN) Shop : Johto : Cherrygrove City , Violet City , Azalea Town , Goldenrod City , Ecruteak City , Olivine City , Blackthorn City , Frontier Front Kanto : Viridian City , Pewter City , Cerulean City , Vermillion City , Lavender Town , Celadon City , Saffron City , Fuchsia City , Indigo Plateau Pokéwalker : Dim Cave (2000+ Steps) , Treehouse (3500+ Steps) , Sinnoh Field (3800+ Steps)"
Max Revive,A medicine that revives a fainted Pokémon. It fully restores the Pokémon's HP.,"Johto: Route 44 , Ruins of Alph , Radio Tower (Goldenrod Lottery Prize - 4 Numbers Match) , Mt. Mortar , Mt. Mortar (With Dowsing MCHN) , Tin Tower , Dark Cave (With Dowsing MCHN) , Whirl Islands , Mt. Silver , Mt. Silver (With Dowsing MCHN) , Lake of Rage (Low Tide) Kanto: Pewter City (With Dowsing MCHN) , Diglett's Cave (With Dowsing MCHN) , Mt. Moon (With Dowsing MCHN) , Cerulean Cave , Cerulean Cave (With Dowsing MCHN) , Seafoam Islands (With Dowsing MCHN) , Victory Road , Victory Road (With Dowsing MCHN)"
Moomoo Milk,Milk with a very high nutrition content. It restores the HP of one Pokémon by 100 points.,"Johto: Route 39 (Receive from Miltank) Shop : Johto : Pokeathlon Dome Pokéwalker : Resort (2500+ Steps) , Sightseeing (2600+ Steps) , Amity Meadow (700+ Steps)"
Old Gateau,Old Chateau's hidden specialty. It heals all the status problems of a single Pokémon.,"Pokéwalker: Scary Cave (3500+ Steps) , Sightseeing (4500+ Steps)"
Parlyz Heal,A spray-type medicine. It eliminates paralysis from a single Pokémon.,"Johto: Route 35 , Goldenrod City (With Dowsing MCHN) (Dept. Store Basement) , Sprout Tower , Union Cave (With Dowsing MCHN)"
Potion,A spray-type medicine for wounds. It restores the HP of one Pokémon by just 20 points.,"Johto: Route 29 , Route 30 , Route 30 (With Dowsing MCHN) , Route 31 , New Bark Town (Elm's Assistant) , New Bark Town (With Dowsing MCHN) , Sprout Tower , Union Cave Kanto: Victory Road Shop : Johto : Cherrygrove City , Violet City , Azalea Town , Goldenrod City , Ecruteak City , Olivine City , Cianwood City , Blackthorn City , Mahogany Town , Frontier Front Kanto : Viridian City , Pewter City , Cerulean City , Vermillion City , Lavender Town , Celadon City , Saffron City , Fuchsia City Pokéwalker : Refreshing Field (0+ Steps) , Suburban Area (0+ Steps) , Volcano Path (0+ Steps) , Rally (0+ Steps)"
Ragecandybar,A famous candy in Mahogany Town. Many tourists like to buy them to take home.,Johto: Mahogany Town
Revival Herb,"A very bitter medicinal herb. It revives a fainted Pokémon, fully restoring its HP.",Johto: Ruins of Alph (Bottom Left) Shop : Johto : Goldenrod Underground Pokéwalker : Treehouse (1000+ Steps)
Revive,A medicine that revives a fainted Pokémon. It restores half the Pokémon's maximum HP.,"Johto: Route 45 , Violet City , Cianwood City , Union Cave (With Dowsing MCHN) , Ilex Forest , Mt. Mortar , Mt. Mortar (With Dowsing MCHN) , Burnt Tower (With Dowsing MCHN) , Dark Cave , Dark Cave , Whirl Islands (With Dowsing MCHN) , Mt. Silver (With Dowsing MCHN) , Dragon's Den (With Dowsing MCHN) , Ice Path (With Dowsing MCHN) , Rocket Hideout (With Dowsing MCHN) , Goldenrod Underground (With Dowsing MCHN) , Route 47 Kanto: Route 11 (With Dowsing MCHN) , Route 19 (With Dowsing MCHN) , Route 19 , Route 25 (With Dowsing MCHN) , Route 27 (With Dowsing MCHN) , Vermillion City , Mt. Moon (With Dowsing MCHN) , Cerulean Cave (With Dowsing MCHN) , Rock Tunnel , Rock Tunnel , Seafoam Islands , Victory Road Shop : Johto : Cherrygrove City , Violet City , Azalea Town , Goldenrod City , Ecruteak City , Olivine City , Cianwood City , Blackthorn City , Mahogany Town , Frontier Front Kanto : Viridian City , Pewter City , Cerulean City , Vermillion City , Lavender Town , Celadon City , Saffron City , Fuchsia City , Indigo Plateau Pokéwalker : Refreshing Field (2500+ Steps) , Noisy Forest (2500+ Steps) , Warm Beach (2000+ Steps) , Volcano Path (2000+ Steps) , Sinnoh Field (2000+ Steps)"
Sacred Ash,"It revives all fainted Pokémon. In doing so, it also fully restores their HP.",Held by Ho-Oh Kanto: Route 2
Soda Pop,A fizzy soda drink. It restores the HP of one Pokémon by 60 points.,"Shop : Johto : Goldenrod City , Pokeathlon Dome Kanto : Celadon City , Mt. Moon Pokéwalker : Beautiful Beach (800+ Steps) , Resort (1000+ Steps) , Sightseeing (1800+ Steps) , Amity Meadow (500+ Steps)"
Super Potion,A spray-type medicine for wounds. It restores the HP of one Pokémon by 50 points.,"Johto: Route 32 (With Dowsing MCHN) , Route 34 , Route 42 , New Bark Town (Mom's Savings) , Goldenrod City (With Dowsing MCHN) (Dept. Store Basement) , Goldenrod City , Slowpoke Well , Slowpoke Well (With Dowsing MCHN) , Ilex Forest (With Dowsing MCHN) , Shining Lighthouse Shop : Johto : Cherrygrove City , Violet City , Azalea Town , Goldenrod City , Ecruteak City , Olivine City , Cianwood City , Blackthorn City , Mahogany Town , Frontier Front Kanto : Viridian City , Pewter City , Cerulean City , Vermillion City , Lavender Town , Celadon City , Saffron City , Fuchsia City , Indigo Plateau Pokéwalker : Sinnoh Field (0+ Steps) , Rally (300+ Steps)"
Adamant Orb,A brightly gleaming orb to be held by DIALGA. It boosts the power of Dragon- and Steel-type moves.,Johto: Sinjoh Ruins (Held by Dialga)
Amulet Coin,An item to be held by a Pokémon. It doubles a battle's prize money if the holding Pokémon joins in.,Johto: Goldenrod City
Big Root,A Pokémon held item that boosts the power of HP-stealing moves to let the holder recover more HP.,Kanto: Route 3 Pokéwalker : Yellow Forest (4000+ Steps)
Black Belt,An item to be held by a Pokémon. It is a belt that boosts determination and Fighting-type moves.,Johto: Lake of Rage (Wesley on Wednesday)
Black Sludge,A held item that gradually restores the HP of Poison-type Pokémon. It inflicts damage on all other types.,Kanto: Cerulean Cave
BlackGlasses,An item to be held by a Pokémon. It is a shady-looking pair of glasses that boosts Dark-type moves.,Johto: Dark Cave
Blue Scarf,An item to be held by a Pokémon. It boosts the Beauty aspect of the holder in a Contest in Sinnoh.,Transfer from DPt
BrightPowder,An item to be held by a Pokémon. It casts a tricky glare that lowers the opponent's accuracy.,Johto: Radio Tower Shop : Johto : Battle Frontier
Charcoal,An item to be held by a Pokémon. It is a combustible fuel that boosts the power of Fire-type moves.,"Johto: Azalea Town (Rescue the Farfetch'd in Ilex Forest) , Ruins of Alph (Bottom Left)"
Choice Band,"An item to be held by a Pokémon. This headband ups Attack, but allows the use of only one kind of move.",Shop : Johto : Battle Frontier Pokéwalker : Winner's Path (8000+ Steps)
Choice Scarf,"An item to be held by a Pokémon. This scarf boosts Speed, but allows the use of only one kind of move.",Johto: New Bark Town (Mom's Savings) Shop : Johto : Battle Frontier Pokéwalker : Winner's Path (9000+ Steps)
Choice Specs,"An item to be held by a Pokémon. These distinctive glasses boost Sp. Atk, but allow only one kind of move to be used.",Johto: Lake of Rage (High Tide) Pokéwalker : Winner's Path (7000+ Steps)
Cleanse Tag,An item to be held by a Pokémon. It helps keep wild Pokémon away if the holder is the first one in the party.,Kanto: Route 5
Damp Rock,A Pokémon held item that extends the duration of the move Rain Dance used by the holder.,Pokéwalker: Icy Mountain Rd. (2500+ Steps)
DeepSeaScale,"An item to be held by CLAMPERL. A scale that shines a faint pink, it raises the Sp. Def stat.",Kanto: Route 20 (With Dowsing MCHN)
DeepSeaTooth,"An item to be held by CLAMPERL. A fang that gleams a sharp silver, it raises the Sp. Atk stat.",Kanto: Route 20 (With Dowsing MCHN)
Destiny Knot,"A long, thin, bright red string to be held by a Pokémon. If the holder becomes infatuated, the foe does too.",Kanto: Route 27
Draco Plate,An item to be held by a Pokémon. It is a stone tablet that boosts the power of Dragon-type moves.,Johto: SS Aqua (From Captain)
Dragon Fang,An item to be held by a Pokémon. It is a hard and sharp fang that ups the power of Dragon-type moves.,Johto: Dragon's Den
Dread Plate,An item to be held by a Pokémon. It is a stone tablet that boosts the power of Dark-type moves.,Johto: SS Aqua (From Captain)
Dubious Disc,A transparent device overflowing with dubious data. Its producer is unknown.,Johto: Route 42 (Requires Rock Climb)
Earth Plate,An item to be held by a Pokémon. It is a stone tablet that boosts the power of Ground-type moves.,Johto: SS Aqua (From Captain)
Electirizer,A box packed with a tremendous amount of electric energy. It is loved by a certain Pokémon.,Kanto: Cerulean Cave Pokéwalker : Amity Meadow (2550+ Steps)
Everstone,An item to be held by a Pokémon. The Pokémon holding this peculiar stone is prevented from evolving.,"Johto: New Bark Town (Professor Elm - Show Togepi) , National Park (Come 2nd in Bug Catching Contest) Kanto: Route 25 (Show Bill's Grandfather a Jigglypuff in HG or Lickitung in SS)"
Exp. Share,An item to be held by a Pokémon. The holder gets a share of a battle's Exp. Points without battling.,"Johto: Route 30 (Give Mr. Pokémon the Red Scale) , Radio Tower (Goldenrod Lottery Prize - 3 Numbers Match)"
Expert Belt,An item to be held by a Pokémon. It is a well-worn belt that slightly boosts the power of supereffective moves.,Johto: Mt. Silver
Fist Plate,An item to be held by a Pokémon. It is a stone tablet that boosts the power of Fighting-type moves.,Johto: SS Aqua (From Captain)
Flame Orb,An item to be held by a Pokémon. It is a bizarre orb that inflicts a burn on the holder in battle.,Shop : Johto : Battle Frontier Pokéwalker : Volcano Path (4000+ Steps)
Flame Plate,An item to be held by a Pokémon. It is a stone tablet that boosts the power of Fire-type moves.,Johto: SS Aqua (From Captain)
Focus Band,"An item to be held by a Pokémon. The holder may endure a potential KO attack, leaving it with just 1 HP.",Shop : Johto : Battle Frontier
Focus Sash,"An item to be held by a Pokémon. If it has full HP, the holder will endure one potential KO attack, leaving 1 HP.",Johto: New Bark Town (Mom's Savings) Shop : Johto : Battle Frontier Pokéwalker : Winner's Path (10000+ Steps)
Full Incense,An item to be held by a Pokémon. It is an exotic-smelling incense that makes the holder bloated and slow moving.,Johto: Mt. Mortar
Green Scarf,An item to be held by a Pokémon. It boosts the Smart aspect of the holder in a Contest in Sinnoh.,Transfer from DPt
Grip Claw,A Pokémon held item that extends the duration of multiturn attacks like Bind and Wrap.,Kanto: Seafoam Islands
Griseous Orb,A glowing orb to be held by GIRATINA. It boosts the power of Dragon- and Ghost-type moves.,Johto: Sinjoh Ruins (Held by Giratina)
Hard Stone,An item to be held by a Pokémon. It is an unbreakable stone that ups the power of Rock-type moves.,Johto: Route 36 (Arthur on Thursday) Pokéwalker : Rugged Road (5000+ Steps)
Heat Rock,A Pokémon held item that extends the duration of the move Sunny Day used by the holder.,Pokéwalker: Icy Mountain Rd. (3000+ Steps)
Icicle Plate,An item to be held by a Pokémon. It is a stone tablet that boosts the power of Ice-type moves.,Johto: SS Aqua (From Captain)
Icy Rock,A Pokémon held item that extends the duration of the move Hail used by the holder.,Pokéwalker: Icy Mountain Rd. (4000+ Steps)
Insect Plate,An item to be held by a Pokémon. It is a stone tablet that boosts the power of Bug-type moves.,Johto: SS Aqua (From Captain)
Iron Ball,A Pokémon held item that cuts Speed. It makes Flying-type and levitating holders susceptible to Ground moves.,Johto: Mt. Mortar
Iron Plate,An item to be held by a Pokémon. It is a stone tablet that boosts the power of Steel-type moves.,Johto: SS Aqua (From Captain)
King's Rock,An item to be held by a Pokémon. It may cause the foe to flinch when the holder inflicts damage.,Johto: Slowpoke Well Shop : Johto : Pokeathlon Dome
Lagging Tail,An item to be held by a Pokémon. It is tremendously heavy and makes the holder move slower than usual.,Johto: Route 47
Lax Incense,An item to be held by a Pokémon. The tricky aroma of this incense lowers the foe's accuracy.,Johto: Route 38
Leftovers,An item to be held by a Pokémon. The holder's HP is gradually restored during battle.,Attached to wild Snorlax
Life Orb,"An item to be held by a Pokémon. It boosts the power of moves, but at the cost of some HP on each hit.",Johto: Ruins of Alph (Bottom Left)
Light Ball,An item to be held by PIKACHU. It is a puzzling orb that raises the Attack and Sp. Atk stat.,Pokéwalker: Yellow Forest (7000+ Steps)
Light Clay,A Pokémon held item that extends the duration of barrier moves like Light Screen and Reflect used by the holder.,Kanto: Route 9
Luck Incense,An item to be held by a Pokémon. It doubles a battle's prize money if the holding Pokémon joins in.,Kanto: Vermillion City
Lucky Egg,An item to be held by a Pokémon. It is an egg filled with happiness that earns extra Exp. Points in battle.,Attached to Chansey
Lucky Punch,An item to be held by CHANSEY. It is a pair of gloves that boosts CHANSEY's critical-hit ratio.,Kanto: Route 14 (Show a man Chansey)
Lustrous Orb,A beautifully glowing orb to be held by PALKIA. It boosts the power of Dragon- and Water-type moves.,Johto: Sinjoh Ruins (Held by Palkia)
Macho Brace,An item to be held by a Pokémon. It is a stiff and heavy brace that promotes strong growth but lowers Speed.,Held by Machop in trade in Goldenrod City
Magmarizer,A box packed with a tremendous amount of magma energy. It is loved by a certain Pokémon.,Kanto: Cinnabar Island Pokéwalker : Amity Meadow (2500+ Steps)
Magnet,An item to be held by a Pokémon. It is a powerful magnet that boosts the power of Electric-type moves.,Johto: Route 37 (Sunny on Sunday)
Meadow Plate,An item to be held by a Pokémon. It is a stone tablet that boosts the power of Grass-type moves.,Johto: SS Aqua (From Captain)
Mental Herb,An item to be held by a Pokémon. It snaps the holder out of infatuation. It can be used only once.,Kanto: Route 7
Metal Coat,An item to be held by a Pokémon. It is a special metallic film that ups the power of Steel-type moves.,Johto: SS Aqua Shop : Johto : Pokeathlon Dome
Metal Powder,"An item to be held by DITTO. Extremely fine yet hard, this odd powder boosts the Defense stat.",Held by wild Ditto
Metronome,A Pokémon held item that boosts a move used consecutively. Its effect is reset if another move is used.,Shop : Johto : Goldenrod City Kanto : Celadon City
Mind Plate,An item to be held by a Pokémon. It is a stone tablet that boosts the power of Psychic-type moves.,Johto: SS Aqua (From Captain)
Miracle Seed,An item to be held by a Pokémon. It is a seed imbued with life that ups the power of Grass-type moves.,Johto: Route 32 Pokéwalker : Yellow Forest (5000+ Steps)
Muscle Band,An item to be held by a Pokémon. It is a headband that slightly boosts the power of physical moves.,Johto: New Bark Town (Mom's Savings) Shop : Johto : Battle Frontier
Mystic Water,An item to be held by a Pokémon. It is a teardrop-shaped gem that ups the power of Water-type moves.,"Johto: Cherrygrove City (Requires Surf) , Ruins of Alph (Top Left)"
NeverMeltIce,An item to be held by a Pokémon. It is a piece of ice that repels heat and boosts Ice-type moves.,Johto: Ice Path
Odd Incense,An item to be held by a Pokémon. It is an exotic-smelling incense that boosts the power of Psychic-type moves.,Kanto: Cerulean Cave
Pink Scarf,An item to be held by a Pokémon. It boosts the Cute aspect of the holder in a Contest in Sinnoh.,Transfer from DPt
Poison Barb,"An item to be held by a Pokémon. It is a small, poisonous barb that ups the power of Poison-type moves.",Johto: Route 32 (Frieda on Friday)
Power Anklet,"A Pokémon held item that promotes Speed gain on leveling, but reduces the Speed stat.",Shop : Johto : Battle Frontier
Power Band,"A Pokémon held item that promotes Sp. Def gain on leveling, but reduces the Speed stat.",Shop : Johto : Battle Frontier
Power Belt,"A Pokémon held item that promotes Defense gain on leveling, but reduces the Speed stat.",Shop : Johto : Battle Frontier
Power Bracer,"A Pokémon held item that promotes Attack gain on leveling, but reduces the Speed stat.",Shop : Johto : Battle Frontier
Power Herb,A single-use item to be held by a Pokémon. It allows the immediate use of a move that charges on the first turn.,Johto: Route 34 Shop : Johto : Battle Frontier Pokéwalker : Winner's Path (6000+ Steps)
Power Lens,"A Pokémon held item that promotes Sp. Atk gain on leveling, but reduces the Speed stat.",Shop : Johto : Battle Frontier
Power Weight,"A Pokémon held item that promotes HP gain on leveling, but reduces the Speed stat.",Shop : Johto : Battle Frontier
Protector,A protective item of some sort. It is extremely stiff and heavy. It is loved by a certain Pokémon.,Johto: Mt. Mortar
Pure Incense,An item to be held by a Pokémon. It helps keep wild Pokémon away if the holder is the first one in the party.,Johto: Mt. Silver
Quick Claw,"An item to be held by a Pokémon. A light, sharp claw that lets the bearer move first occasionally.",Johto: National Park
Quick Powder,"An item to be held by DITTO. Extremely fine yet hard, this odd powder boosts the Speed stat.",Held by Wild Ditto
Razor Claw,An item to be held by a Pokémon. It is a sharply hooked claw that ups the holder's critical-hit ratio.,Shop : Johto : Battle Frontier
Razor Fang,An item to be held by a Pokémon. It may cause the foe to flinch when the holder inflicts damage.,Shop : Johto : Battle Frontier
Reaper Cloth,A cloth imbued with horrifyingly strong spiritual energy. It is loved by a certain Pokémon.,Johto: Mt. Silver
Red Scarf,An item to be held by a Pokémon. It boosts the Cool aspect of the holder in a Contest in Sinnoh.,Transfer from DPt
Rock Incense,An item to be held by a Pokémon. It is an exotic-smelling incense that boosts the power of Rock-type moves.,Kanto: Diglett's Cave
Rose Incense,An item to be held by a Pokémon. It is an exotic-smelling incense that boosts the power of Grass-type moves.,Kanto: Route 15
Scope Lens,An item to be held by a Pokémon. It is a lens that boosts the holder's critical-hit ratio.,Shop : Johto : Battle Frontier
Sea Incense,An item to be held by a Pokémon. It is incense with a curious aroma that boosts the power of Water-type moves.,Kanto: Cerulean Cave
Sharp Beak,"An item to be held by a Pokémon. It is a long, sharp beak that boosts the power of Flying-type moves.",Johto: Route 40 (Monica on Monday)
Shed Shell,"A tough, discarded carapace to be held by a Pokémon. It enables the holder to switch with a waiting Pokémon in battle.",Johto: National Park (Come 4th in Bug Catching Contest)
Shell Bell,An item to be held by a Pokémon. The holder's HP is restored a little every time it inflicts damage.,Johto: Route 32
Silk Scarf,An item to be held by a Pokémon. It is a sumptuous scarf that boosts the power of Normal-type moves.,Johto: New Bark Town (Mom's Savings) Shop : Johto : Goldenrod City Kanto : Celadon City
SilverPowder,"An item to be held by a Pokémon. It is a shiny, silver powder that ups the power of Bug-type moves.",Pokéwalker: Dim Cave (5000+ Steps)
Sky Plate,An item to be held by a Pokémon. It is a stone tablet that boosts the power of Flying-type moves.,Johto: SS Aqua (From Captain)
Smoke Ball,An item to be held by a Pokémon. It enables the holder to flee from any wild Pokémon without fail.,Johto: Goldenrod Underground
Smooth Rock,A Pokémon held item that extends the duration of the move Sandstorm used by the holder.,Pokéwalker: Icy Mountain Rd. (3500+ Steps)
Soft Sand,"An item to be held by a Pokémon. It is a loose, silky sand that boosts the power of Ground-type moves.",Johto: Blackthorn City (Santos on Saturday)
Soothe Bell,An item to be held by a Pokémon. It is a bell with a comforting chime that calms the holder and makes it friendly.,Johto: National Park
Soul Dew,A wondrous orb to be held by LATIOS or LATIAS. It raises both the Sp. Atk and Sp. Def stats.,Kanto: Pewter City (Give Enigma Stone to Researcher)
Spell Tag,"An item to be held by a Pokémon. It is a sinister, eerie tag that boosts the power of Ghost-type moves.",Kanto: Celadon City
Splash Plate,An item to be held by a Pokémon. It is a stone tablet that boosts the power of Water-type moves.,Johto: SS Aqua (From Captain)
Spooky Plate,An item to be held by a Pokémon. It is a stone tablet that boosts the power of Ghost-type moves.,Johto: SS Aqua (From Captain)
Stick,An item to be held by FARFETCH'D. It is a very long and stiff stalk of leek that boosts the critical-hit ratio.,Held by wild Farfetch'd
Sticky Barb,A held item that damages the holder on every turn. It may latch on to foes that touch the holder.,Kanto: Vermillion City
Stone Plate,An item to be held by a Pokémon. It is a stone tablet that boosts the power of Rock-type moves.,Johto: SS Aqua (From Captain)
Thick Club,An item to be held by CUBONE or MAROWAK. It is a hard bone of some sort that boosts the Attack stat.,Held by wild Cubone & Marowak Pokéwalker : Scary Cave (4500+ Steps)
Toxic Orb,An item to be held by a Pokémon. It is a bizarre orb that badly poisons the holder in battle.,Shop : Johto : Battle Frontier
Toxic Plate,An item to be held by a Pokémon. It is a stone tablet that boosts the power of Poison-type moves.,Johto: SS Aqua (From Captain)
TwistedSpoon,An item to be held by a Pokémon. It is a spoon imbued with telekinetic power that boosts Psychic-type moves.,Johto: Route 29 (Tuscany on Tuesday)
Wave Incense,An item to be held by a Pokémon. It is an exotic-smelling incense that boosts the power of Water-type moves.,Johto: Route 47
White Herb,An item to be held by a Pokémon. It restores any lowered stat in battle. It can be used only once.,Shop : Johto : Battle Frontier Pokéwalker : Winner's Path (5000+ Steps)
Wide Lens,An item to be held by a Pokémon. It is a magnifying lens that slightly boosts the accuracy of moves.,Shop : Johto : Goldenrod City Kanto : Celadon City
Wise Glasses,An item to be held by a Pokémon. It is a thick pair of glasses that slightly boosts the power of special moves.,Kanto: Pewter City
Yellow Scarf,An item to be held by a Pokémon. It boosts the Tough aspect of the holder in a Contest in Sinnoh.,Transfer from DPt
Zap Plate,An item to be held by a Pokémon. It is a stone tablet that boosts the power of Electric-type moves.,"Johto: Ilex Forest (Held by Spiky-eared Pichu) , SS Aqua (From Captain)"
Zoom Lens,"An item to be held by a Pokémon. If the holder moves after the foe, its accuracy will be boosted.",Shop : Johto : Goldenrod City Kanto : Celadon City
Calcium,A nutritious drink for Pokémon. It raises the base Sp. Atk (Special Attack) stat of a single Pokémon.,"Johto: Union Cave (With Dowsing MCHN) , Whirl Islands , Mt. Silver , Dragon's Den Kanto: Route 12 , Route 13 (With Dowsing MCHN) , Diglett's Cave (With Dowsing MCHN) Shop : Johto : Goldenrod City , Battle Frontier , Safari Zone Gate Kanto : Celadon City Pokéwalker : Treehouse (4500+ Steps)"
Carbos,A nutritious drink for Pokémon. It raises the base Speed stat of a single Pokémon.,"Johto: Radio Tower (Earn 15 Points at Buena's Password) , Mt. Mortar , Tin Tower (With Dowsing MCHN) , Whirl Islands , Ice Path (With Dowsing MCHN) Kanto: Route 2 , Route 10 (With Dowsing MCHN) Shop : Johto : Goldenrod City , Battle Frontier , Safari Zone Gate Kanto : Celadon City"
HP Up,A nutritious drink for Pokémon. It raises the base HP of a single Pokémon.,"Johto: Route 38 (With Dowsing MCHN) , Goldenrod City , Radio Tower (Earn 30 Points at Buena's Password) , Mt. Mortar (With Dowsing MCHN) , Tin Tower , Burnt Tower Kanto: Route 4 , Rock Tunnel (With Dowsing MCHN) , Victory Road Shop : Johto : Goldenrod City , Battle Frontier , Safari Zone Gate Kanto : Celadon City"
Iron,A nutritious drink for Pokémon. It raises the base Defense stat of a single Pokémon.,"Johto: Radio Tower (Earn 10 Points at Buena's Password) , Mt. Mortar , Mt. Silver (With Dowsing MCHN) , Ice Path Kanto: Vermillion City (With Dowsing MCHN) , Cinnabar Island (With Dowsing MCHN) , Rock Tunnel Shop : Johto : Goldenrod City , Battle Frontier , Safari Zone Gate Kanto : Celadon City Pokéwalker : Scary Cave (4900+ Steps)"
PP Max,It maximally raises the top PP of a selected move that has been learned by the target Pokémon.,"Johto: Route 45 (With Dowsing MCHN) , Tin Tower , Whirl Islands , Dragon's Den , Dragon's Den (With Dowsing MCHN) Kanto: Route 19 (With Dowsing MCHN) , Route 26 , Vermillion City , Diglett's Cave"
PP Up,It slightly raises the maximum PP of a selected move that has been learned by the target Pokémon.,"Johto: Route 39 (With Dowsing MCHN) , Violet City , Radio Tower (Goldenrod Lottery Prize - 2 Numbers Match) , Mt. Mortar , Tin Tower , Ice Path , Pokeathlon Dome (With Dowsing MCHN) Kanto: Route 15 , Pewter City (With Dowsing MCHN) , Celadon City (With Dowsing MCHN) , Cerulean Cave , Cerulean Cave (With Dowsing MCHN) , Rock Tunnel Shop : Johto : Pokeathlon Dome Pokéwalker : Rugged Road (7000+ Steps) , Suburban Area (5000+ Steps) , Stormy Beach (5000+ Steps)"
Protein,A nutritious drink for Pokémon. It raises the base Attack stat of a single Pokémon.,"Johto: Olivine City (With Dowsing MCHN) , Radio Tower (Earn 5 Points at Buena's Password) , Mt. Silver , Ice Path , Rocket Hideout , Pokeathlon Dome (With Dowsing MCHN) Kanto: Route 25 , Cerulean Cave (With Dowsing MCHN) Shop : Johto : Goldenrod City , Battle Frontier , Safari Zone Gate Kanto : Celadon City"
Rare Candy,A candy that is packed with energy. It raises the level of a single Pokémon by one.,"Johto: Route 34 , Violet City , Ecruteak City (With Dowsing MCHN) , Olivine City (With Dowsing MCHN) , Radio Tower (Earn 25 Points at Buena's Password) , Mt. Mortar (With Dowsing MCHN) , Mt. Mortar , Tin Tower , Whirl Islands (With Dowsing MCHN) , Whirl Islands (With Dowsing MCHN) , Mt. Silver (With Dowsing MCHN) , Shining Lighthouse Kanto: Route 27 , Route 28 (With Dowsing MCHN) , Vermillion City (Fan Club President) , Cinnabar Island (With Dowsing MCHN) , Indigo Plateau (With Dowsing MCHN) , Cerulean Cave (With Dowsing MCHN) , Victory Road Shop : Johto : Battle Frontier , Pokeathlon Dome Pokéwalker : Sinnoh Field (5000+ Steps) , Sightseeing (5000+ Steps)"
Zinc,A nutritious drink for Pokémon. It raises the base Sp. Def (Special Defense) stat of a single Pokémon.,"Kanto: Cerulean Cave (With Dowsing MCHN) , Seafoam Islands (With Dowsing MCHN) , Victory Road (With Dowsing MCHN) Shop : Johto : Goldenrod City , Battle Frontier , Safari Zone Gate Kanto : Celadon City"
Dawn Stone,A peculiar stone that makes certain species of Pokémon evolve. It sparkles like eyes.,"Johto: National Park (Come 1st in Bug Catching Contest) , Mt. Silver Kanto: Route 17 (PokéGear Phonecall) Shop : Johto : Pokeathlon Dome"
DeepSeaScale,"An item to be held by CLAMPERL. A scale that shines a faint pink, it raises the Sp. Def stat.",Kanto: Route 20 (With Dowsing MCHN)
DeepSeaTooth,"An item to be held by CLAMPERL. A fang that gleams a sharp silver, it raises the Sp. Atk stat.",Kanto: Route 20 (With Dowsing MCHN)
Dragon Scale,A thick and tough scale. Dragon-type Pokémon may be holding this item when caught.,Johto: Mt. Mortar Shop : Johto : Pokeathlon Dome
Dubious Disc,A transparent device overflowing with dubious data. Its producer is unknown.,Johto: Route 42 (Requires Rock Climb)
Dusk Stone,A peculiar stone that makes certain species of Pokémon evolve. It is as dark as dark can be.,"Johto: National Park (Come 1st in Bug Catching Contest) Kanto: Cerulean Cave , Route 17 (PokéGear Phonecall) Shop : Johto : Pokeathlon Dome"
Electirizer,A box packed with a tremendous amount of electric energy. It is loved by a certain Pokémon.,Kanto: Cerulean Cave Pokéwalker : Amity Meadow (2550+ Steps)
Fire Stone,A peculiar stone that makes certain species of Pokémon evolve. It is colored orange.,"Johto: National Park (Come 1st in Bug Catching Contest) , Route 36 (PokéGear Phonecall) Kanto: Route 25 (Show Bill's Grandfather a Growlithe in HG or Vulpix in SS) Shop : Johto : Pokeathlon Dome Pokéwalker : Warm Beach (5000+ Steps)"
King's Rock,An item to be held by a Pokémon. It may cause the foe to flinch when the holder inflicts damage.,Johto: Slowpoke Well Shop : Johto : Pokeathlon Dome
Leaf Stone,A peculiar stone that makes certain species of Pokémon evolve. It has a leaf pattern.,"Johto: National Park (Come 1st in Bug Catching Contest) , Route 34 (PokéGear Phonecall) Kanto: Route 25 (Show Bill's Grandfather an Oddish) , Viridian Forest Shop : Johto : Pokeathlon Dome"
Magmarizer,A box packed with a tremendous amount of magma energy. It is loved by a certain Pokémon.,Kanto: Cinnabar Island Pokéwalker : Amity Meadow (2500+ Steps)
Metal Coat,An item to be held by a Pokémon. It is a special metallic film that ups the power of Steel-type moves.,Johto: SS Aqua Shop : Johto : Pokeathlon Dome
Moon Stone,A peculiar stone that makes certain species of Pokémon evolve. It is as black as the night sky.,"Johto: New Bark Town (Mom's Savings) , Ruins of Alph (Bottom Right Ruins) Kanto: Mt. Moon (Monday Nights Only) , Tohjo Falls Pokéwalker : Volcano Path (5000+ Steps) , Night Skys Edge (5000+ Steps) , Amity Meadow (2000+ Steps)"
Oval Stone,A peculiar stone that makes certain species of Pokémon evolve. It is shaped like an egg.,Johto: National Park (Come 1st in Bug Catching Contest) Kanto: Rock Tunnel Pokéwalker : Amity Meadow (1500+ Steps)
Protector,A protective item of some sort. It is extremely stiff and heavy. It is loved by a certain Pokémon.,Johto: Mt. Mortar
Razor Claw,An item to be held by a Pokémon. It is a sharply hooked claw that ups the holder's critical-hit ratio.,Shop : Johto : Battle Frontier
Razor Fang,An item to be held by a Pokémon. It may cause the foe to flinch when the holder inflicts damage.,Shop : Johto : Battle Frontier
Reaper Cloth,A cloth imbued with horrifyingly strong spiritual energy. It is loved by a certain Pokémon.,Johto: Mt. Silver
Shiny Stone,A peculiar stone that makes certain species of Pokémon evolve. It shines with a dazzling light.,"Johto: National Park , National Park (Come 1st in Bug Catching Contest) Kanto: Route 14 (PokéGear Phonecall) Shop : Johto : Pokeathlon Dome"
Sun Stone,A peculiar stone that makes certain species of Pokémon evolve. It is as red as the sun.,"Johto: National Park (Come 1st in Bug Catching Contest) Kanto: Route 13 (PokéGear Phonecall) Shop : Johto : Pokeathlon Dome Pokéwalker : Volcano Path (5500+ Steps) , Amity Meadow (2050+ Steps)"
Thunderstone,A peculiar stone that makes certain species of Pokémon evolve. It has a thunderbolt pattern.,"Johto: National Park (Come 1st in Bug Catching Contest) , Route 38 (PokéGear Phonecall) Kanto: Route 25 (Show Bill's Grandfather a Pichu) Shop : Johto : Pokeathlon Dome Pokéwalker : Yellow Forest (6000+ Steps)"
Up-Grade,A transparent device filled with all sorts of data. It was produced by Silph Co.,Kanto: Silph Co
Water Stone,"A peculiar stone that makes certain species of Pokémon evolve. It is a clear, light blue.","Johto: National Park (Come 1st in Bug Catching Contest) , Route 42 (PokéGear Phonecall) Kanto: Route 25 (Show Bill's Grandfather a Marill in HG or a Staryu in SS) , Seafoam Islands Shop : Johto : Pokeathlon Dome"
Blk Apricorn,A black Apricorn It has an indescribable scent. Used to make Heavy Balls,"Johto: Route 31 , Route 33 , Route 37 , Route 43 Kanto: Route 1 Shop : Johto : Pokeathlon Dome"
Blu Apricorn,A blue Apricorn. It smells a bit like grass. Used to make Lure Balls,"Johto: Route 36 , Route 37 Kanto: Route 26 Shop : Johto : Pokeathlon Dome"
Grn Apricorn,"A green Apricorn. It has a mysterious, aromatic scent. Used to make Friend Balls","Johto: Route 29 , Route 30 , Route 35 , Route 39 , Route 42 , Route 45 , Route 46 Kanto: Route 11 Shop : Johto : Pokeathlon Dome"
Pnk Apricorn,"A pink Apricorn. It has a nice, sweet scent. Used to make Love Balls","Johto: Route 30 , Route 33 , Route 42 Shop : Johto : Pokeathlon Dome"
Red Apricorn,A red Apricorn. It assails your nostrils. Used to make Level Balls,"Johto: Route 37 , Route 44 Kanto: Fuchsia City Shop : Johto : Pokeathlon Dome"
Wht Apricorn,A white Apricorn. It doesn't smell like anything. Used to make Fast Balls,"Johto: Azalea Town , Route 38 Shop : Johto : Pokeathlon Dome"
Ylw Apricorn,A yellow Apricorn. It has an invigorating scent. Used to make Moon Balls,"Johto: Route 42 , Route 46 , Violet City Kanto: Route 8"
Cherish Ball,A quite rare Poké Ball that has been specially crafted to commemorate an occasion of some sort.,Unobtainable - Only Event Pokémon caught
Dive Ball,A somewhat different Poké Ball that works especially well on Pokémon that live in the sea.,"Pokéwalker: Beautiful Beach (5000+ Steps) , Blue Lake (3500+ Steps)"
Dusk Ball,A somewhat different Poké Ball that makes it easier to catch wild Pokémon at night or in dark places like caves.,"Johto: Goldenrod City (Goldenrod Dept. Store Lottery - 2nd Prize - Friday) Shop : Johto : Olivine City , Blackthorn City , Frontier Front , Safari Zone Gate Kanto : Vermillion City , Lavender Town , Saffron City , Fuchsia City Pokéwalker : Scary Cave (4000+ Steps) , Quiet Cave (2000+ Steps)"
Fast Ball,A Poké Ball that makes it easier to catch fast Pokémon.,"Johto: Azalea Town (From Kurt) , Azalea Town (Exchange Apricorns with Kurt)"
Friend Ball,A Poké Ball that makes caught Pokémon more friendly.,Johto: Azalea Town (Exchange Apricorns with Kurt)
Great Ball,"A good, high-performance Ball that provides a higher Pokémon catch rate than a standard Poké Ball.","Johto: Route 32 , Route 32 (With Dowsing MCHN) , Slowpoke Well (With Dowsing MCHN) , Union Cave , Union Cave (With Dowsing MCHN) Shop : Johto : Cherrygrove City , Violet City , Azalea Town , Goldenrod City , Ecruteak City , Olivine City , Blackthorn City , Mahogany Town , Frontier Front Kanto : Viridian City , Pewter City , Cerulean City , Vermillion City , Lavender Town , Celadon City , Saffron City , Fuchsia City Pokéwalker : Town Outskirts (750+ Steps)"
Heal Ball,A remedial Poké Ball that restores the caught Pokémon's HP and eliminates any status problem.,"Shop : Johto : Cherrygrove City , Violet City , Azalea Town , Ecruteak City Kanto : Viridian City Pokéwalker : Stormy Beach (2000+ Steps)"
Heavy Ball,A Poké Ball for catching very heavy Pokémon.,Johto: Azalea Town (Exchange Apricorns with Kurt)
Level Ball,A Poké Ball for catching Pokémon that are a lower level than your own.,Johto: Azalea Town (Exchange Apricorns with Kurt)
Love Ball,Poké Ball for catching Pokémon that are the opposite gender of your Pokémon.,Johto: Azalea Town (Exchange Apricorns with Kurt)
Lure Ball,A Poké Ball for catching Pokémon hooked by a Rod when fishing.,"Johto: Route 32 , Azalea Town (Exchange Apricorns with Kurt)"
Luxury Ball,A comfortable Poké Ball that makes a caught wild Pokémon quickly grow friendly.,Johto: Goldenrod City (Goldenrod Dept. Store Lottery - 2nd Prize - Sunday) Pokéwalker : Resort (6000+ Steps)
Master Ball,The best Ball with the ultimate level of performance. It will catch any wild Pokémon without fail.,"Johto: New Bark Town (Professor Elm - Get all 8 Badges) , Radio Tower (Goldenrod Lottery Prize - All Numbers Match)"
Moon Ball,A Poké Ball for catching Pokémon that evolve using the Moon Stone.,Johto: Azalea Town (Exchange Apricorns with Kurt)
Nest Ball,A somewhat different Poké Ball that works especially well on weaker Pokémon in the wild.,"Johto: Goldenrod City (Goldenrod Dept. Store Lottery - 2nd Prize - Monday) Shop : Johto : Safari Zone Gate Kanto : Pewter City , Vermillion City Pokéwalker : Sinnoh Field (500+ Steps)"
Net Ball,A somewhat different Poké Ball that works especially well on Water- and Bug-type Pokémon.,"Johto: Goldenrod City (Goldenrod Dept. Store Lottery - 2nd Prize - Wednesday) Shop : Johto : Violet City , Azalea Town , Ecruteak City , Olivine City , Blackthorn City , Frontier Front Kanto : Viridian City , Fuchsia City Pokéwalker : Noisy Forest (5000+ Steps) , Blue Lake (4000+ Steps)"
Park Ball,A special Poké Ball for the Pal Park.,Unobtainable - Used only in Pal Park
Poké Ball,A device for catching wild Pokémon. It is thrown like a ball at the target. It is designed as a capsule system.,"Johto: Route 29 (Given by Ethan/Lyra (*5)) , Route 31 , Violet City (With Dowsing MCHN) , Radio Tower (Earn 1 Point at Buena's Password) Shop : Johto : Cherrygrove City , Violet City , Azalea Town , Goldenrod City , Ecruteak City , Olivine City , Blackthorn City , Mahogany Town , Frontier Front Kanto : Viridian City , Pewter City , Cerulean City , Vermillion City , Lavender Town , Celadon City , Saffron City , Fuchsia City"
Premier Ball,A somewhat rare Poké Ball that has been specially made to commemorate an event of some sort.,All PokéMarts after buying 10 Balls
Quick Ball,A somewhat different Poké Ball that provides a better catch rate if it is used at the start of a wild encounter.,"Johto: Goldenrod City (Goldenrod Dept. Store Lottery - 2nd Prize - Thursday) Shop : Johto : Safari Zone Gate Kanto : Pewter City , Cerulean City , Vermillion City , Lavender Town , Saffron City Pokéwalker : Stormy Beach (1500+ Steps)"
Repeat Ball,A somewhat different Poké Ball that works especially well on Pokémon species that were previously caught.,Johto: Goldenrod City (Goldenrod Dept. Store Lottery - 2nd Prize - Tuesday) Pokéwalker : Sinnoh Field (3000+ Steps)
Safari Ball,A special Poké Ball that is used only in the Great Marsh. It is decorated in a camouflage pattern.,Unobtainable - Used only in Safari Zone
Sport Ball,A special Poké Ball for the Bug-Catching Contest.,Unobtainable - Used only in National Park
Timer Ball,A somewhat different Ball that becomes progressively better the more turns there are in a battle.,Johto: Goldenrod City (Goldenrod Dept. Store Lottery - 2nd Prize - Saturday) Pokéwalker : Sinnoh Field (2500+ Steps)
Ultra Ball,An ultra-performance Ball that provides a higher Pokémon catch rate than a Great Ball.,"Johto: Route 44 , Goldenrod City (Dept. Store Basement) , Ecruteak City (With Dowsing MCHN) , Union Cave (With Dowsing MCHN) , Radio Tower (Goldenrod Lottery Prize - 1 Number Match) , Radio Tower , Mt. Mortar , Mt. Mortar (With Dowsing MCHN) , Mt. Mortar (With Dowsing MCHN) , Tin Tower , Burnt Tower (With Dowsing MCHN) , Whirl Islands , Whirl Islands (With Dowsing MCHN) , Mt. Silver (With Dowsing MCHN) , Rocket Hideout , Goldenrod Underground , The Cliff Cave (With Dowsing MCHN) Kanto: Route 4 (With Dowsing MCHN) , Cerulean Cave , Cerulean Cave (With Dowsing MCHN) , Cerulean Cave , Cerulean Cave (With Dowsing MCHN) , Seafoam Islands , Victory Road Shop : Johto : Cherrygrove City , Violet City , Azalea Town , Goldenrod City , Ecruteak City , Olivine City , Blackthorn City , Frontier Front Kanto : Viridian City , Pewter City , Cerulean City , Vermillion City , Lavender Town , Celadon City , Saffron City , Fuchsia City , Indigo Plateau Pokéwalker : Town Outskirts (2000+ Steps)"
Apricorn Box,A handy box where you can store up to 99 Apricorns of each kind.,Johto: Route 30 (In a house)
Basement Key,A key that opens a door in the Goldenrod Tunnel.,Johto: Radio Tower (Defeat Petrel)
Berry Pots,Handy containers for cultivating Berries wherever you go.,Johto: Route 36 (Defeat/Capture Sudowoodo)
Bicycle,A folding Bicycle that enables much faster movement than the Running Shoes.,Johto: Goldenrod City (In Bike Shop)
Blue Card,A card to save points for the Buena's Password show.,Johto: Radio Tower (From Buena)
Blue Orb,A shiny blue orb that is said to have a legend and has a deep connection with the Hoenn region.,Johto: Route 30 (Defeat Red & talk to Mr. Pokémon) - HeartGold
Card Key,A card key that opens a shutter in the Radio Tower.,Johto: Goldenrod Underground
Clear Bell,A very old-fashioned bell that makes a gentle ringing.,Johto: Ecruteak City (Defeat the 5 Kimono Girls) - HeartGold
Coin Case,"A case for holding coins obtained at the Game Corner. It holds up to 50,000 coins.",Johto: Goldenrod Underground
Dowsing MCHN,It checks for unseen items in the area and makes noise and lights when it finds something.,Johto: Ecruteak City
Enigma Stone,A crystal ball that was excavated from the ground. A very beautiful stone that is covered with bits of rock and earth.,Wi-Fi Event
Fashion Case,A fancy case for the tidy arrangement and storage of whimsical Pokémon Accessories.,Johto: Goldenrod Underground (Given by Ethan/Lyra)
GB Sounds,A music player that allows you to listen to nostalgic songs. It's operated with a single switch.,Kanto: Celadon City
Good Rod,"A new, good-quality fishing rod. Use it by any body of water to fish for wild aquatic Pokémon.",Johto: Olivine City (Fishing Guru)
Gracidea,A flower sometimes bundled in bouquets to convey gratitude on special occasions like birthdays.,Johto: Goldenrod City (Bring a Shaymin to Flower Shop)
Jade Orb,A shiny green orb that is said to have a legend and has a deep connection with the Hoenn region.,"Kanto: Pallet Town (Show Professor Oak a Groudon & Kyogre, both obtained from the Embedded Tower)"
Lock Capsule,A sturdy Capsule that can only be opened with a special key.,Unobtainable
Lost Item,The Poké Doll lost by the Copycat.,Kanto: Vermillion City (Fan Club President)
Machine Part,An important machine part for the Power Plant that was stolen.,Kanto: Cerulean City (With Dowsing MCHN)
Mystery Egg,A mysterious Egg obtained from Mr. Pokémon. What's in the Egg is unknown.,Johto: Route 30 (Mr. Pokémon)
Old Rod,An old and beat-up fishing rod. Use it by any body of water to fish for wild aquatic Pokémon.,Johto: Route 32 (Fishing Guru)
Pal Pad,"A convenient notepad that is used for registering your friends, Friend Codes, and keeping a record of game play.",Basement of Pokémon Centre
Pass,A ticket required for riding the Magnet Train. It allows you to ride whenever and however much you'd like.,Kanto: Saffron City (Return Lost Item)
Photo Album,A nice photo album for storing all the photos taken along your adventure.,Speak to Cameron at any Photo Point
Ragecandybar,A famous candy in Mahogany Town. Many tourists like to buy them to take home.,Johto: Mahogany Town
Rainbow Wing,"A mystical, rainbow feather that sparkles.",Johto: Radio Tower (Defeat Archer) - HeartGold Kanto: Pewter City - SoulSilver
Red Orb,A shiny red orb that is said to have a legend and has a deep connection with the Hoenn region.,Johto: Route 30 (Defeat Red & talk to Mr. Pokémon) - SoulSilver
Red Scale,A scale from the red GYARADOS. It glows red like a flame.,Johto: Lake of Rage
S.S. Ticket,The ticket required for sailing on the ferry S.S. Aqua. It has a drawing of a ship on it.,Johto: New Bark Town (Professor Elm - Beat Elite Four)
Seal Case,A case for storing Seals that can be applied to the Capsule cases of Poké Balls.,Johto: Route 39 (Feed 5 Oran Berries to Miltank)
SecretPotion,A fantastic medicine dispensed by the pharmacy in Cianwood City. It fully heals a Pokémon of any ailment.,Johto: Cianwood City
Silver Wing,"A strange, silvery feather that sparkles.",Johto: Radio Tower (Defeat Archer) - SoulSilver Kanto: Pewter City - HeartGold
Slowpoketail,A very tasty tail of something. It sells for a high price.,Unavailable in Game
Squirtbottle,A bottle used for watering plants in the Berry Pots.,Johto: Goldenrod City (After defeating Whitney)
Super Rod,"An awesome, high-tech fishing rod. Use it by any body of water to fish for wild aquatic Pokémon.",Kanto: Route 12 (Fishing Guru)
Tidal Bell,"An old-fashioned bell with a gentle, soothing sound.",Johto: Ecruteak City (Defeat the 5 Kimono Girls) - SoulSilver
Unown Report,A report of all the discovered kinds of UNOWN.,Johto: Ruins of Alph
Vs. Recorder,An amazing device that can record a battle either between friends or at a special battle facility.,Johto: Route 31 (Given by Ethan/Lyra)
